<?xml version="1.0" encoding="UTF-8"?>
<beans xmlns="http://www.springframework.org/schema/beans"
	xmlns:xsi="http://www.w3.org/2001/XMLSchema-instance"
	xmlns:context="http://www.springframework.org/schema/context"
	xmlns:jpa="http://www.springframework.org/schema/data/jpa"
	xmlns:p="http://www.springframework.org/schema/p"
	xmlns:tx="http://www.springframework.org/schema/tx"
	xsi:schemaLocation="http://www.springframework.org/schema/beans https://www.springframework.org/schema/beans/spring-beans.xsd
		http://www.springframework.org/schema/context http://www.springframework.org/schema/context/spring-context-4.3.xsd
		http://www.springframework.org/schema/data/jpa http://www.springframework.org/schema/data/jpa/spring-jpa-1.8.xsd
		http://www.springframework.org/schema/tx http://www.springframework.org/schema/tx/spring-tx-4.3.xsd">
	
	<!-- Root Context: defines shared resources visible to all other web components -->
		<bean id="configProperties" class="org.springframework.beans.factory.config.PropertiesFactoryBean">
        <property name="location">
            <value>/WEB-INF/spring/jdbc.properties</value>
        </property>
    </bean>
<context:property-placeholder properties-ref="configProperties" />
<!--     <context:property-placeholder location="/WEB-INF/spring/jdbc.properties" /> -->
    
    <bean id="dataSource" class="org.springframework.jdbc.datasource.DriverManagerDataSource"
        p:driverClassName="oracle.jdbc.driver.OracleDriver" 
        p:url="jdbc:oracle:thin:@localhost:1521:xe" 
        p:username="seguritoprojectfinal" 
        p:password="seguritoprojectfinal" />
    
        
    <bean id="hibernateJpaVendorAdapter" class="org.springframework.orm.jpa.vendor.HibernateJpaVendorAdapter" />    
    
    <bean id="entityManagerFactory"
        class="org.springframework.orm.jpa.LocalContainerEntityManagerFactoryBean">
        <property name="dataSource" ref="dataSource" />
        <property name="jpaVendorAdapter" ref="hibernateJpaVendorAdapter" />
        <!-- Set JPA properties -->
        <property name="jpaProperties">
            <props>
                <prop key="hibernate.dialect">${hibernate.dialect}</prop>
            </props>
        </property>
        <property name="packagesToScan" value="cl.awake.psegurito.model" />
    </bean> 

       
    <bean id="transactionManager"
        class="org.springframework.orm.jpa.JpaTransactionManager">
        <property name="entityManagerFactory" ref="entityManagerFactory" />
    </bean>
    
    <jpa:repositories base-package="cl.awake.psegurito.model"/>
    <context:component-scan base-package="cl.awake.psegurito.services"/>
    
</beans>
