<?xml version="1.0" encoding="UTF-8"?>
<Configuration status="WARN">
    <Appenders>
        <Console name="Console" target="SYSTEM_OUT">
            <PatternLayout pattern="%d{HH:mm:ss.SSS} [%t] %-5level %logger{36} - %msg%n" />
        </Console>
        <File name="MyFile" class="cl.awake.psegurito" fileName="C:/Logs/logpsegurito.log" immediateFlush="true">
            <PatternLayout pattern="%d{yyy-MM-dd HH:mm:ss.SSS} [%t] %-5level %logger{36} - %msg%n"/>
        </File>
    </Appenders>
    <Loggers>
    <!-- Log everything in custom package -->
    <Logger name="cl.awake.psegurito" level="debug" additivity="false">
      <AppenderRef ref="Console" />
      <AppenderRef ref="MyFile" />
    </Logger>  
    
        <Root level="debug">
            <AppenderRef ref="Console" />
            <AppenderRef ref="MyFile" />
        </Root>
    </Loggers>
</Configuration>

